id,tiltakstype_id,enhetsnummer,avdeling,start_dato,slutt_dato
gjennomføring0,tiltak6,0219,Veiledingsavd.,2023-02-22,2026-06-30
gjennomføring1,tiltak7,0219,A&H,2021-12-17,2023-04-12
gjennomføring2,tiltak8,0219,Oppfølging og øk.,2014-01-11,2020-02-19
gjennomføring3,tiltak2,0219,A&H,2018-01-04,2020-10-15
gjennomføring4,tiltak4,0219,A&H,2024-11-22,2026-01-13
gjennomføring5,tiltak6,0219,Veiledingsavd.,2013-09-13,2026-03-22
gjennomføring6,tiltak3,0219,KIA,2017-05-29,2020-10-13
gjennomføring7,tiltak4,0219,A&H,2012-03-16,2023-03-25
gjennomføring8,tiltak6,0219,KIA,2011-02-15,2018-12-17
gjennomføring9,tiltak5,0219,Ungdomsavd.,2014-01-17,2016-01-30
gjennomføring10,tiltak4,0219,KIA,2014-05-30,2021-10-12
gjennomføring11,tiltak1,0219,Oppfølging og øk.,2023-03-21,2026-08-04
gjennomføring12,tiltak3,0219,Oppfølging og øk.,2021-09-07,2026-10-30
gjennomføring13,tiltak7,0219,Veiledingsavd.,2024-11-17,2026-07-29
gjennomføring14,tiltak5,0219,Ungdomsavd.,2015-07-26,2021-08-25
gjennomføring15,tiltak2,0219,Veiledingsavd.,2012-10-11,2016-09-11
gjennomføring16,tiltak1,0219,Ungdomsavd.,2020-05-23,2021-12-04
gjennomføring17,tiltak5,0219,Oppfølging og øk.,2023-06-30,2025-05-16
gjennomføring18,tiltak7,0219,Veiledingsavd.,2020-06-21,2022-04-07
gjennomføring19,tiltak5,0219,A&H,2024-10-27,2025-07-10
gjennomføring20,tiltak6,0219,Ungdomsavd.,2021-08-07,2023-04-02
gjennomføring21,tiltak6,0219,Oppfølging og øk.,2017-04-03,2023-10-17
gjennomføring22,tiltak5,0219,Veiledingsavd.,2020-12-05,2025-11-04
gjennomføring23,tiltak8,0219,Veiledingsavd.,2009-05-25,2015-07-28
gjennomføring24,tiltak7,0219,Ungdomsavd.,2022-02-28,2026-04-10
gjennomføring25,tiltak2,0219,Veiledingsavd.,2020-09-23,2021-11-24
gjennomføring26,tiltak8,0219,Veiledingsavd.,2015-05-20,2020-08-11
gjennomføring27,tiltak1,0219,Ungdomsavd.,2014-06-19,2020-09-25
gjennomføring28,tiltak1,0219,KIA,2012-07-24,2023-10-02
gjennomføring29,tiltak2,0219,KIA,2021-04-07,2023-10-31
gjennomføring30,tiltak5,0219,Ungdomsavd.,2018-06-01,2023-12-26
gjennomføring31,tiltak1,0219,Veiledingsavd.,2019-04-29,2026-06-04
gjennomføring32,tiltak8,0219,Veiledingsavd.,2009-10-09,2018-05-20
gjennomføring33,tiltak3,0219,Ungdomsavd.,2015-05-31,2019-01-10
gjennomføring34,tiltak4,0219,KIA,2014-09-02,2019-03-25
gjennomføring35,tiltak8,0219,Oppfølging og øk.,2010-11-03,2016-10-25
gjennomføring36,tiltak5,0219,Ungdomsavd.,2021-12-17,2023-12-28
gjennomføring37,tiltak7,0219,Ungdomsavd.,2010-03-20,2022-07-06
gjennomføring38,tiltak5,0219,Veiledingsavd.,2017-07-24,2019-12-01
gjennomføring39,tiltak3,0219,Veiledingsavd.,2019-09-01,2022-05-18
gjennomføring40,tiltak2,0219,Veiledingsavd.,2023-05-02,2024-08-15
gjennomføring41,tiltak1,0219,Ungdomsavd.,2018-08-18,2019-10-08
gjennomføring42,tiltak8,0219,Ungdomsavd.,2016-12-30,2021-10-31
gjennomføring43,tiltak2,0219,Veiledingsavd.,2021-12-20,2023-03-29
gjennomføring44,tiltak2,0219,Ungdomsavd.,2010-11-18,2026-11-05
gjennomføring45,tiltak2,0219,KIA,2021-05-21,2025-12-14
gjennomføring46,tiltak2,0219,Veiledingsavd.,2024-06-13,2025-04-07
gjennomføring47,tiltak7,0219,A&H,2017-04-26,2020-08-05
gjennomføring48,tiltak7,0219,Veiledingsavd.,2025-10-31,2026-07-28
gjennomføring49,tiltak3,0219,A&H,2013-07-28,2016-06-10
gjennomføring50,tiltak2,0219,Veiledingsavd.,2013-06-17,2025-02-17
gjennomføring51,tiltak2,0219,KIA,2026-08-23,2026-09-24
gjennomføring52,tiltak1,0219,Veiledingsavd.,2020-11-21,2025-05-03
gjennomføring53,tiltak4,0219,KIA,2021-10-22,2023-10-13
gjennomføring54,tiltak6,0219,Ungdomsavd.,2010-04-02,2011-04-15
gjennomføring55,tiltak2,0219,Veiledingsavd.,2021-04-21,2024-10-04
gjennomføring56,tiltak4,0219,A&H,2009-01-05,2014-03-14
gjennomføring57,tiltak3,0219,KIA,2022-02-15,2026-01-03
gjennomføring58,tiltak6,0219,Veiledingsavd.,2024-07-04,2026-09-01
gjennomføring59,tiltak1,0219,A&H,2016-06-11,2018-04-04
gjennomføring60,tiltak1,0219,Veiledingsavd.,2023-03-27,2025-04-01
gjennomføring61,tiltak5,0219,Veiledingsavd.,2024-12-18,2025-08-17
gjennomføring62,tiltak5,0219,A&H,2018-03-24,2020-09-30
gjennomføring63,tiltak5,0219,Ungdomsavd.,2022-08-22,2024-06-28
gjennomføring64,tiltak7,0219,KIA,2013-07-15,2021-02-18
gjennomføring65,tiltak6,0219,Oppfølging og øk.,2015-08-22,2026-11-15
gjennomføring66,tiltak7,0219,A&H,2017-01-31,2018-12-20
gjennomføring67,tiltak6,0219,Veiledingsavd.,2023-06-20,2026-08-06
gjennomføring68,tiltak3,0219,A&H,2021-04-17,2022-03-07
gjennomføring69,tiltak2,0219,Veiledingsavd.,2025-03-31,2026-03-10
gjennomføring70,tiltak1,0219,Oppfølging og øk.,2021-05-06,2023-08-01
gjennomføring71,tiltak4,0219,Veiledingsavd.,2017-06-07,2025-12-22
gjennomføring72,tiltak3,0219,Ungdomsavd.,2023-03-01,2025-11-21
gjennomføring73,tiltak1,0219,A&H,2009-03-31,2022-04-11
gjennomføring74,tiltak5,0219,KIA,2009-01-15,2022-05-17
gjennomføring75,tiltak3,0219,Veiledingsavd.,2013-01-01,2021-08-08
gjennomføring76,tiltak2,0219,KIA,2024-08-19,2025-11-25
gjennomføring77,tiltak4,0219,Veiledingsavd.,2018-05-20,2021-11-11
gjennomføring78,tiltak3,0219,KIA,2015-11-02,2019-12-13
gjennomføring79,tiltak6,0219,A&H,2022-08-04,2022-10-08
gjennomføring80,tiltak2,0219,Ungdomsavd.,2025-07-01,2025-11-15
gjennomføring81,tiltak7,0219,Ungdomsavd.,2021-05-18,2022-07-14
gjennomføring82,tiltak7,0219,Veiledingsavd.,2009-03-05,2017-01-07
gjennomføring83,tiltak7,0219,KIA,2024-06-16,2025-07-09
gjennomføring84,tiltak8,0219,Veiledingsavd.,2009-11-06,2023-12-08
gjennomføring85,tiltak5,0219,Veiledingsavd.,2026-04-24,2026-12-18
gjennomføring86,tiltak5,0219,Ungdomsavd.,2025-02-22,2026-02-21
gjennomføring87,tiltak1,0219,KIA,2016-12-19,2021-05-30
gjennomføring88,tiltak7,0219,KIA,2024-01-26,2025-08-10
gjennomføring89,tiltak1,0219,A&H,2014-06-05,2020-01-24
gjennomføring90,tiltak7,0219,Oppfølging og øk.,2020-02-14,2026-12-29
gjennomføring91,tiltak7,0219,A&H,2023-07-18,2023-09-15
gjennomføring92,tiltak7,0219,KIA,2021-02-07,2021-03-18
gjennomføring93,tiltak1,0219,Veiledingsavd.,2009-08-10,2020-07-25
gjennomføring94,tiltak1,0219,KIA,2017-08-13,2020-12-21
gjennomføring95,tiltak1,0219,KIA,2023-11-12,2024-08-25
gjennomføring96,tiltak7,0219,A&H,2018-04-04,2024-06-06
gjennomføring97,tiltak3,0219,KIA,2023-11-14,2024-06-12
gjennomføring98,tiltak4,0219,Ungdomsavd.,2017-07-30,2024-01-19
gjennomføring99,tiltak5,0219,KIA,2015-09-24,2017-11-27
gjennomføring100,tiltak8,0219,Ungdomsavd.,2017-11-14,2025-07-14
gjennomføring101,tiltak7,0219,A&H,2024-04-28,2025-10-22
gjennomføring102,tiltak8,0219,Veiledingsavd.,2010-07-27,2020-04-28
gjennomføring103,tiltak4,0219,Veiledingsavd.,2010-04-27,2013-07-24
gjennomføring104,tiltak2,0219,Ungdomsavd.,2010-06-24,2011-10-13
gjennomføring105,tiltak1,0219,Veiledingsavd.,2022-11-07,2026-10-09
gjennomføring106,tiltak8,0219,KIA,2019-06-07,2023-02-12
gjennomføring107,tiltak7,0219,A&H,2022-12-04,2024-10-17
gjennomføring108,tiltak8,0219,KIA,2012-02-26,2012-04-27
gjennomføring109,tiltak8,0219,A&H,2019-02-27,2026-03-24
gjennomføring110,tiltak6,0219,Ungdomsavd.,2023-08-20,2024-09-26
gjennomføring111,tiltak3,0219,Veiledingsavd.,2021-11-25,2022-09-23
gjennomføring112,tiltak6,0219,KIA,2022-01-19,2024-12-05
gjennomføring113,tiltak5,0219,KIA,2015-09-17,2019-06-17
gjennomføring114,tiltak7,0219,A&H,2023-08-02,2026-10-27
gjennomføring115,tiltak7,0219,Oppfølging og øk.,2017-09-30,2026-06-11
gjennomføring116,tiltak3,0219,KIA,2012-09-30,2025-12-13
gjennomføring117,tiltak8,0219,Oppfølging og øk.,2014-03-30,2020-07-18
gjennomføring118,tiltak7,0219,Veiledingsavd.,2016-07-20,2021-04-13
gjennomføring119,tiltak1,0219,Oppfølging og øk.,2022-08-20,2023-09-29
gjennomføring120,tiltak6,0219,Veiledingsavd.,2009-04-08,2024-08-19
gjennomføring121,tiltak1,0219,Oppfølging og øk.,2021-06-21,2021-10-26
gjennomføring122,tiltak3,0219,KIA,2015-10-05,2021-08-17
gjennomføring123,tiltak2,0219,Veiledingsavd.,2016-12-28,2026-07-29
gjennomføring124,tiltak4,0219,KIA,2022-11-20,2023-04-24
gjennomføring125,tiltak1,0219,Oppfølging og øk.,2024-07-06,2025-01-03
gjennomføring126,tiltak1,0219,Oppfølging og øk.,2017-06-04,2017-11-12
gjennomføring127,tiltak6,0219,Ungdomsavd.,2011-06-26,2017-09-10
gjennomføring128,tiltak3,0219,Veiledingsavd.,2018-06-17,2021-09-06
gjennomføring129,tiltak5,0219,KIA,2023-03-16,2023-07-30
gjennomføring130,tiltak4,0219,Veiledingsavd.,2022-09-03,2024-06-21
gjennomføring131,tiltak1,0219,KIA,2015-03-31,2016-01-27
gjennomføring132,tiltak1,0219,A&H,2017-01-07,2021-01-21
gjennomføring133,tiltak7,0219,A&H,2020-01-26,2022-12-27
gjennomføring134,tiltak3,0219,Veiledingsavd.,2026-04-17,2026-12-23
gjennomføring135,tiltak1,0219,Veiledingsavd.,2019-02-10,2025-11-21
gjennomføring136,tiltak2,0219,Oppfølging og øk.,2024-02-18,2026-10-03
gjennomføring137,tiltak2,0219,A&H,2012-12-12,2019-08-12
gjennomføring138,tiltak1,0219,Veiledingsavd.,2011-09-15,2015-01-04
gjennomføring139,tiltak3,0219,Veiledingsavd.,2011-02-16,2011-04-06
gjennomføring140,tiltak1,0219,KIA,2020-12-07,2023-03-05
gjennomføring141,tiltak3,0219,KIA,2019-06-04,2020-06-30
gjennomføring142,tiltak8,0219,KIA,2010-09-24,2013-10-11
gjennomføring143,tiltak2,0219,A&H,2012-03-08,2026-10-24
gjennomføring144,tiltak2,0219,Oppfølging og øk.,2013-10-09,2026-05-23
gjennomføring145,tiltak2,0219,KIA,2026-06-15,2026-12-31
gjennomføring146,tiltak6,0219,Ungdomsavd.,2022-03-07,2024-05-09
gjennomføring147,tiltak2,0219,Oppfølging og øk.,2010-11-09,2016-07-05
gjennomføring148,tiltak5,0219,Ungdomsavd.,2013-05-09,2024-12-30
gjennomføring149,tiltak8,0219,Ungdomsavd.,2011-10-01,2022-11-13
gjennomføring150,tiltak2,0219,A&H,2014-03-30,2016-05-17
gjennomføring151,tiltak3,0219,Ungdomsavd.,2011-08-11,2025-04-23
gjennomføring152,tiltak3,0219,A&H,2009-10-27,2013-09-30
gjennomføring153,tiltak2,0219,KIA,2022-07-24,2023-05-05
gjennomføring154,tiltak4,0219,Oppfølging og øk.,2013-02-25,2024-06-10
gjennomføring155,tiltak6,0219,A&H,2022-06-19,2022-09-04
gjennomføring156,tiltak1,0219,Veiledingsavd.,2010-09-27,2019-09-24
gjennomføring157,tiltak3,0219,Veiledingsavd.,2023-09-16,2025-10-19
gjennomføring158,tiltak4,0219,Veiledingsavd.,2021-02-23,2024-12-15
gjennomføring159,tiltak6,0219,Veiledingsavd.,2025-03-28,2026-01-05
gjennomføring160,tiltak3,0219,KIA,2015-05-14,2021-03-07
gjennomføring161,tiltak6,0219,KIA,2016-07-29,2022-12-25
gjennomføring162,tiltak1,0219,Oppfølging og øk.,2013-04-06,2026-07-11
gjennomføring163,tiltak2,0219,KIA,2024-04-24,2024-05-28
gjennomføring164,tiltak1,0219,A&H,2024-09-07,2026-04-03
gjennomføring165,tiltak4,0219,Oppfølging og øk.,2018-02-23,2019-08-16
gjennomføring166,tiltak7,0219,KIA,2017-10-09,2023-08-22
gjennomføring167,tiltak2,0219,Oppfølging og øk.,2011-05-17,2022-12-31
gjennomføring168,tiltak5,0219,A&H,2017-05-22,2026-09-12
gjennomføring169,tiltak8,0219,Oppfølging og øk.,2009-07-31,2019-04-01
gjennomføring170,tiltak1,0219,A&H,2017-07-07,2023-10-04
gjennomføring171,tiltak8,0219,Ungdomsavd.,2010-11-26,2011-09-03
gjennomføring172,tiltak3,0219,KIA,2013-08-16,2020-05-13
gjennomføring173,tiltak4,0219,KIA,2015-07-14,2022-01-10
gjennomføring174,tiltak8,0219,A&H,2012-02-02,2017-11-04
gjennomføring175,tiltak2,0219,Veiledingsavd.,2026-01-16,2026-07-29
gjennomføring176,tiltak6,0219,KIA,2011-09-25,2024-07-28
gjennomføring177,tiltak4,0219,Oppfølging og øk.,2025-03-24,2026-09-17
gjennomføring178,tiltak5,0219,Ungdomsavd.,2010-10-19,2024-12-15
gjennomføring179,tiltak5,0219,KIA,2009-12-01,2026-04-04
gjennomføring180,tiltak1,0219,Ungdomsavd.,2023-04-27,2026-02-02
gjennomføring181,tiltak5,0219,Veiledingsavd.,2025-07-29,2026-02-28
gjennomføring182,tiltak8,0219,Ungdomsavd.,2012-05-12,2020-01-27
gjennomføring183,tiltak5,0219,Ungdomsavd.,2017-08-05,2021-12-20
gjennomføring184,tiltak7,0219,Veiledingsavd.,2010-10-15,2026-01-12
gjennomføring185,tiltak6,0219,KIA,2014-06-30,2016-05-14
gjennomføring186,tiltak6,0219,KIA,2025-09-21,2026-02-04
gjennomføring187,tiltak1,0219,Oppfølging og øk.,2017-09-09,2023-03-13
gjennomføring188,tiltak8,0219,Veiledingsavd.,2009-04-07,2010-12-05
gjennomføring189,tiltak6,0219,Ungdomsavd.,2015-12-07,2020-06-19
gjennomføring190,tiltak4,0219,Oppfølging og øk.,2023-09-13,2025-09-20
gjennomføring191,tiltak5,0219,Veiledingsavd.,2020-02-14,2022-08-22
gjennomføring192,tiltak4,0219,Oppfølging og øk.,2024-02-26,2025-11-27
gjennomføring193,tiltak5,0219,A&H,2020-04-17,2024-06-15
gjennomføring194,tiltak1,0219,Ungdomsavd.,2023-09-13,2024-04-15
gjennomføring195,tiltak3,0219,Ungdomsavd.,2021-11-29,2023-08-28
gjennomføring196,tiltak2,0219,A&H,2016-01-12,2020-01-18
gjennomføring197,tiltak7,0219,KIA,2009-11-05,2014-03-27
gjennomføring198,tiltak5,0219,KIA,2025-04-01,2025-11-24
gjennomføring199,tiltak4,0219,Oppfølging og øk.,2009-06-04,2025-07-23
gjennomføring200,tiltak3,0219,A&H,2015-04-04,2021-12-20
gjennomføring201,tiltak1,0219,KIA,2018-08-10,2023-01-13
gjennomføring202,tiltak2,0219,Ungdomsavd.,2014-05-12,2015-04-27
gjennomføring203,tiltak5,0219,Ungdomsavd.,2025-05-02,2026-02-19
gjennomføring204,tiltak4,0219,Veiledingsavd.,2016-08-12,2018-04-23
gjennomføring205,tiltak5,0219,Veiledingsavd.,2010-05-17,2012-09-10
gjennomføring206,tiltak8,0219,Ungdomsavd.,2010-07-08,2013-08-01
gjennomføring207,tiltak3,0219,KIA,2018-09-28,2025-06-14
gjennomføring208,tiltak5,0219,Ungdomsavd.,2018-05-14,2020-07-27
gjennomføring209,tiltak5,0219,Oppfølging og øk.,2024-06-02,2025-02-03
gjennomføring210,tiltak3,0219,Ungdomsavd.,2009-05-12,2012-09-20
gjennomføring211,tiltak1,0219,Oppfølging og øk.,2023-01-02,2026-11-22
gjennomføring212,tiltak1,0219,Veiledingsavd.,2017-05-27,2022-04-18
gjennomføring213,tiltak4,0219,Veiledingsavd.,2021-01-27,2023-06-20
gjennomføring214,tiltak8,0219,Veiledingsavd.,2015-03-01,2016-05-23
gjennomføring215,tiltak2,0219,Ungdomsavd.,2023-12-31,2025-09-03
gjennomføring216,tiltak5,0219,Ungdomsavd.,2022-12-21,2024-10-29
gjennomføring217,tiltak2,0219,Veiledingsavd.,2017-10-09,2021-08-06
gjennomføring218,tiltak4,0219,KIA,2010-10-15,2024-03-17
gjennomføring219,tiltak7,0219,Ungdomsavd.,2022-09-17,2025-06-15
gjennomføring220,tiltak7,0219,Oppfølging og øk.,2025-10-25,2025-11-22
gjennomføring221,tiltak8,0219,KIA,2013-08-18,2013-10-11
gjennomføring222,tiltak2,0219,KIA,2016-06-18,2021-06-22
gjennomføring223,tiltak1,0219,KIA,2020-10-16,2026-07-10
gjennomføring224,tiltak7,0219,Veiledingsavd.,2013-03-11,2022-05-10
gjennomføring225,tiltak2,0219,Oppfølging og øk.,2010-06-05,2021-06-27
gjennomføring226,tiltak7,0219,Oppfølging og øk.,2010-12-02,2020-02-04
gjennomføring227,tiltak7,0219,Ungdomsavd.,2024-09-19,2024-10-30
gjennomføring228,tiltak3,0219,KIA,2011-08-12,2013-07-23
gjennomføring229,tiltak6,0219,Oppfølging og øk.,2009-02-18,2023-01-15
gjennomføring230,tiltak7,0219,Ungdomsavd.,2022-03-12,2024-11-21
gjennomføring231,tiltak4,0219,Veiledingsavd.,2016-01-01,2019-03-08
gjennomføring232,tiltak5,0219,Ungdomsavd.,2021-09-17,2026-10-27
gjennomføring233,tiltak4,0219,A&H,2017-08-02,2023-11-19
gjennomføring234,tiltak5,0219,Oppfølging og øk.,2016-01-30,2022-02-03
gjennomføring235,tiltak8,0219,Oppfølging og øk.,2025-08-22,2026-06-24
gjennomføring236,tiltak2,0219,Veiledingsavd.,2009-12-13,2021-12-20
gjennomføring237,tiltak6,0219,Ungdomsavd.,2010-06-02,2011-12-22
gjennomføring238,tiltak4,0219,Ungdomsavd.,2022-01-29,2026-12-26
gjennomføring239,tiltak5,0219,Ungdomsavd.,2021-11-29,2026-12-12
gjennomføring240,tiltak6,0219,A&H,2024-11-26,2026-08-13
gjennomføring241,tiltak8,0219,Ungdomsavd.,2016-10-16,2019-08-17
gjennomføring242,tiltak2,0219,Veiledingsavd.,2012-09-10,2023-02-01
gjennomføring243,tiltak8,0219,A&H,2025-09-21,2026-10-19
gjennomføring244,tiltak6,0219,Veiledingsavd.,2026-09-13,2026-12-21
gjennomføring245,tiltak6,0219,KIA,2022-10-06,2026-03-06
gjennomføring246,tiltak3,0219,Ungdomsavd.,2022-05-02,2023-01-11
gjennomføring247,tiltak7,0219,KIA,2009-09-25,2015-10-02
gjennomføring248,tiltak1,0219,Oppfølging og øk.,2011-04-17,2025-11-21
gjennomføring249,tiltak6,0219,KIA,2013-03-30,2023-10-24
gjennomføring250,tiltak4,0219,Oppfølging og øk.,2021-11-24,2026-03-09
gjennomføring251,tiltak8,0219,Veiledingsavd.,2019-09-08,2019-12-16
gjennomføring252,tiltak8,0219,Veiledingsavd.,2018-07-13,2020-05-29
gjennomføring253,tiltak5,0219,A&H,2014-08-15,2022-01-28
gjennomføring254,tiltak3,0219,Ungdomsavd.,2010-11-16,2011-01-31
gjennomføring255,tiltak7,0219,KIA,2023-09-11,2025-05-23
gjennomføring256,tiltak5,0219,Oppfølging og øk.,2013-09-07,2014-06-08
gjennomføring257,tiltak7,0219,Ungdomsavd.,2013-02-26,2024-12-06
gjennomføring258,tiltak3,0219,KIA,2014-06-03,2018-10-21
gjennomføring259,tiltak2,0219,Oppfølging og øk.,2016-03-04,2025-02-18
gjennomføring260,tiltak1,0219,Veiledingsavd.,2009-02-10,2021-09-04
gjennomføring261,tiltak2,0219,KIA,2024-09-04,2025-03-25
gjennomføring262,tiltak6,0219,A&H,2010-07-18,2011-01-08
gjennomføring263,tiltak2,0219,Ungdomsavd.,2026-03-25,2026-12-02
gjennomføring264,tiltak4,0219,Ungdomsavd.,2022-07-13,2022-10-21
gjennomføring265,tiltak7,0219,Veiledingsavd.,2015-09-09,2026-05-26
gjennomføring266,tiltak8,0219,Ungdomsavd.,2026-12-07,2027-01-01
gjennomføring267,tiltak5,0219,Oppfølging og øk.,2020-08-23,2022-10-04
gjennomføring268,tiltak7,0219,KIA,2016-12-02,2025-06-18
gjennomføring269,tiltak5,0219,KIA,2026-02-12,2026-10-31
gjennomføring270,tiltak5,0219,KIA,2015-06-22,2025-08-24
gjennomføring271,tiltak2,0219,KIA,2020-12-15,2024-09-25
gjennomføring272,tiltak6,0219,Oppfølging og øk.,2023-11-08,2025-03-15
gjennomføring273,tiltak1,0219,KIA,2022-08-15,2024-05-20
gjennomføring274,tiltak2,0219,Ungdomsavd.,2020-01-23,2023-02-14
gjennomføring275,tiltak2,0219,Veiledingsavd.,2013-09-25,2014-08-05
gjennomføring276,tiltak7,0219,Veiledingsavd.,2023-07-18,2026-07-08
gjennomføring277,tiltak7,0219,Veiledingsavd.,2019-06-14,2020-01-11
gjennomføring278,tiltak3,0219,A&H,2017-01-08,2023-07-09
gjennomføring279,tiltak5,0219,Ungdomsavd.,2016-04-16,2024-11-27
gjennomføring280,tiltak6,0219,Oppfølging og øk.,2025-04-19,2026-01-24
gjennomføring281,tiltak7,0219,Ungdomsavd.,2017-02-09,2025-09-16
gjennomføring282,tiltak1,0219,Oppfølging og øk.,2023-07-28,2023-08-22
gjennomføring283,tiltak4,0219,KIA,2023-10-11,2026-08-19
gjennomføring284,tiltak3,0219,Veiledingsavd.,2018-07-20,2024-09-13
gjennomføring285,tiltak7,0219,Veiledingsavd.,2013-07-10,2018-09-09
gjennomføring286,tiltak7,0219,Ungdomsavd.,2025-04-30,2026-10-01
gjennomføring287,tiltak8,0219,KIA,2011-11-19,2022-02-04
gjennomføring288,tiltak7,0219,KIA,2010-06-17,2017-08-22
gjennomføring289,tiltak8,0219,KIA,2019-03-15,2025-12-28
gjennomføring290,tiltak7,0219,Veiledingsavd.,2019-07-14,2021-08-30
gjennomføring291,tiltak8,0219,KIA,2026-05-25,2026-08-19
gjennomføring292,tiltak4,0219,Ungdomsavd.,2025-09-23,2026-02-15
gjennomføring293,tiltak3,0219,Veiledingsavd.,2015-01-24,2022-09-17
gjennomføring294,tiltak6,0219,A&H,2009-08-27,2014-10-24
gjennomføring295,tiltak8,0219,Oppfølging og øk.,2010-07-04,2026-03-26
gjennomføring296,tiltak5,0219,Ungdomsavd.,2023-01-23,2024-10-03
gjennomføring297,tiltak1,0219,A&H,2025-10-19,2026-03-04
gjennomføring298,tiltak5,0219,Ungdomsavd.,2012-07-08,2015-10-28
gjennomføring299,tiltak7,0219,KIA,2009-12-05,2026-08-31
gjennomføring300,tiltak4,0219,KIA,2017-03-10,2025-04-09
gjennomføring301,tiltak6,0219,A&H,2026-04-05,2026-06-13
gjennomføring302,tiltak2,0219,Veiledingsavd.,2024-01-27,2025-02-04
gjennomføring303,tiltak4,0219,A&H,2025-09-28,2025-12-10
gjennomføring304,tiltak2,0219,A&H,2010-01-16,2019-07-25
gjennomføring305,tiltak3,0219,A&H,2025-12-04,2026-06-06
gjennomføring306,tiltak8,0219,Oppfølging og øk.,2020-10-01,2022-11-20
gjennomføring307,tiltak2,0219,Veiledingsavd.,2026-12-06,2027-01-01
gjennomføring308,tiltak6,0219,Oppfølging og øk.,2016-08-30,2021-09-15
gjennomføring309,tiltak6,0219,A&H,2021-11-11,2025-05-13
gjennomføring310,tiltak8,0219,A&H,2025-07-17,2025-11-21
gjennomføring311,tiltak2,0219,A&H,2014-02-05,2022-08-06
gjennomføring312,tiltak5,0219,Ungdomsavd.,2011-10-03,2018-02-20
gjennomføring313,tiltak5,0219,A&H,2016-10-08,2024-01-30
gjennomføring314,tiltak6,0219,KIA,2016-05-03,2021-06-04
gjennomføring315,tiltak7,0219,Oppfølging og øk.,2014-06-29,2014-11-21
gjennomføring316,tiltak4,0219,KIA,2024-11-20,2025-08-22
gjennomføring317,tiltak2,0219,A&H,2019-11-02,2025-11-10
gjennomføring318,tiltak7,0219,KIA,2023-02-09,2024-04-13
gjennomføring319,tiltak3,0219,Oppfølging og øk.,2025-04-25,2025-09-20
gjennomføring320,tiltak5,0219,KIA,2015-08-18,2016-04-09
gjennomføring321,tiltak1,0219,Oppfølging og øk.,2022-02-25,2024-07-17
gjennomføring322,tiltak4,0219,Ungdomsavd.,2011-08-25,2017-01-14
gjennomføring323,tiltak5,0219,KIA,2021-04-29,2024-08-19
gjennomføring324,tiltak7,0219,Veiledingsavd.,2017-07-13,2018-11-02
gjennomføring325,tiltak7,0219,A&H,2017-09-15,2018-03-04
gjennomføring326,tiltak3,0219,Veiledingsavd.,2009-08-13,2025-03-05
gjennomføring327,tiltak1,0219,Veiledingsavd.,2026-02-20,2026-07-31
gjennomføring328,tiltak3,0219,Veiledingsavd.,2015-09-26,2023-09-10
gjennomføring329,tiltak6,0219,Oppfølging og øk.,2016-01-05,2016-05-25
gjennomføring330,tiltak8,0219,Veiledingsavd.,2017-01-23,2025-04-14
gjennomføring331,tiltak6,0219,KIA,2011-05-23,2011-10-02
gjennomføring332,tiltak1,0219,Ungdomsavd.,2021-05-27,2023-06-29
gjennomføring333,tiltak6,0219,Veiledingsavd.,2012-07-24,2021-10-13
gjennomføring334,tiltak4,0219,Oppfølging og øk.,2022-09-13,2025-04-26
gjennomføring335,tiltak8,0219,Veiledingsavd.,2014-08-03,2021-09-25
gjennomføring336,tiltak2,0219,KIA,2024-03-31,2025-04-15
gjennomføring337,tiltak4,0219,Veiledingsavd.,2014-01-31,2017-05-05
gjennomføring338,tiltak7,0219,KIA,2016-10-01,2021-09-23
gjennomføring339,tiltak3,0219,KIA,2016-05-19,2016-12-04
gjennomføring340,tiltak7,0219,Veiledingsavd.,2018-03-21,2026-12-16
gjennomføring341,tiltak5,0219,A&H,2020-10-12,2024-10-25
gjennomføring342,tiltak1,0219,Veiledingsavd.,2025-09-19,2026-07-25
gjennomføring343,tiltak4,0219,KIA,2016-03-20,2025-05-20
gjennomføring344,tiltak7,0219,KIA,2020-07-04,2025-01-31
gjennomføring345,tiltak3,0219,Ungdomsavd.,2010-12-19,2016-03-05
gjennomføring346,tiltak8,0219,A&H,2021-03-25,2021-11-08
gjennomføring347,tiltak3,0219,Ungdomsavd.,2021-11-14,2026-02-12
gjennomføring348,tiltak2,0219,Oppfølging og øk.,2017-02-26,2023-12-19
gjennomføring349,tiltak6,0219,Veiledingsavd.,2017-11-13,2024-02-14
gjennomføring350,tiltak7,0219,Veiledingsavd.,2019-03-01,2025-02-08
gjennomføring351,tiltak5,0219,A&H,2015-08-08,2018-07-31
gjennomføring352,tiltak3,0219,Ungdomsavd.,2014-12-07,2019-06-05
gjennomføring353,tiltak2,0219,KIA,2013-11-14,2020-05-07
gjennomføring354,tiltak4,0219,A&H,2018-01-09,2020-09-18
gjennomføring355,tiltak2,0219,Oppfølging og øk.,2019-02-09,2025-11-20
gjennomføring356,tiltak8,0219,Oppfølging og øk.,2024-02-06,2024-03-08
gjennomføring357,tiltak4,0219,Oppfølging og øk.,2016-02-13,2025-02-18
gjennomføring358,tiltak3,0219,Ungdomsavd.,2017-12-27,2025-02-07
gjennomføring359,tiltak6,0219,Ungdomsavd.,2016-10-11,2017-06-03
gjennomføring360,tiltak6,0219,Oppfølging og øk.,2020-10-12,2022-05-14
gjennomføring361,tiltak5,0219,Oppfølging og øk.,2018-02-11,2023-09-16
gjennomføring362,tiltak5,0219,Veiledingsavd.,2012-12-14,2015-06-10
gjennomføring363,tiltak6,0219,Oppfølging og øk.,2013-10-12,2019-09-24
gjennomføring364,tiltak6,0219,KIA,2026-06-25,2026-08-26
gjennomføring365,tiltak3,0219,Oppfølging og øk.,2020-03-02,2023-12-14
gjennomføring366,tiltak3,0219,KIA,2015-05-14,2022-03-20
gjennomføring367,tiltak3,0219,Ungdomsavd.,2012-09-16,2018-04-11
gjennomføring368,tiltak8,0219,Ungdomsavd.,2024-12-03,2026-09-19
gjennomføring369,tiltak1,0219,KIA,2022-10-26,2023-03-25
gjennomføring370,tiltak3,0219,Ungdomsavd.,2013-06-19,2016-03-08
gjennomføring371,tiltak1,0219,A&H,2013-06-22,2025-10-26
gjennomføring372,tiltak2,0219,Veiledingsavd.,2012-10-15,2020-01-18
gjennomføring373,tiltak7,0219,Veiledingsavd.,2010-01-02,2016-10-20
gjennomføring374,tiltak7,0219,Veiledingsavd.,2012-11-12,2017-08-29
gjennomføring375,tiltak6,0219,KIA,2019-01-10,2026-10-01
gjennomføring376,tiltak2,0219,Ungdomsavd.,2009-02-07,2020-08-21
gjennomføring377,tiltak2,0219,KIA,2022-05-15,2026-11-19
gjennomføring378,tiltak7,0219,Oppfølging og øk.,2022-09-22,2024-06-14
gjennomføring379,tiltak1,0219,Veiledingsavd.,2021-04-10,2025-11-26
gjennomføring380,tiltak5,0219,KIA,2014-02-04,2024-11-17
gjennomføring381,tiltak8,0219,Veiledingsavd.,2023-08-05,2025-08-10
gjennomføring382,tiltak2,0219,KIA,2018-02-02,2026-09-28
gjennomføring383,tiltak5,0219,Ungdomsavd.,2013-01-27,2023-10-22
gjennomføring384,tiltak5,0219,A&H,2013-04-17,2019-07-15
gjennomføring385,tiltak1,0219,Oppfølging og øk.,2023-07-16,2026-12-07
gjennomføring386,tiltak5,0219,KIA,2025-03-18,2025-09-05
gjennomføring387,tiltak2,0219,Veiledingsavd.,2009-01-31,2010-06-21
gjennomføring388,tiltak1,0219,Ungdomsavd.,2014-06-10,2016-03-29
gjennomføring389,tiltak5,0219,Oppfølging og øk.,2025-09-24,2026-08-02
gjennomføring390,tiltak7,0219,Veiledingsavd.,2015-11-15,2024-03-31
gjennomføring391,tiltak7,0219,A&H,2019-07-28,2025-12-14
gjennomføring392,tiltak2,0219,A&H,2020-07-07,2023-10-10
gjennomføring393,tiltak3,0219,Veiledingsavd.,2009-11-02,2011-07-17
gjennomføring394,tiltak8,0219,KIA,2015-09-27,2024-08-27
gjennomføring395,tiltak2,0219,Oppfølging og øk.,2014-07-15,2022-05-01
gjennomføring396,tiltak1,0219,Oppfølging og øk.,2020-08-13,2021-01-30
gjennomføring397,tiltak1,0219,Oppfølging og øk.,2024-04-07,2025-09-25
gjennomføring398,tiltak8,0219,KIA,2013-09-27,2018-08-18
gjennomføring399,tiltak7,0219,Ungdomsavd.,2018-07-08,2024-11-01
gjennomføring400,tiltak6,0219,A&H,2022-10-24,2023-12-02
gjennomføring401,tiltak3,0219,A&H,2021-10-25,2024-05-05
gjennomføring402,tiltak3,0219,Oppfølging og øk.,2010-10-15,2012-02-26
gjennomføring403,tiltak7,0219,Veiledingsavd.,2023-04-20,2026-07-27
gjennomføring404,tiltak2,0219,A&H,2010-07-27,2016-09-05
gjennomføring405,tiltak5,0219,KIA,2024-06-25,2025-03-17
gjennomføring406,tiltak1,0219,Ungdomsavd.,2021-09-25,2025-10-07
gjennomføring407,tiltak3,0219,A&H,2010-05-17,2010-08-17
gjennomføring408,tiltak6,0219,Oppfølging og øk.,2014-08-29,2021-12-18
gjennomføring409,tiltak5,0219,KIA,2009-09-18,2024-09-16
gjennomføring410,tiltak3,0219,Ungdomsavd.,2010-09-23,2023-10-21
gjennomføring411,tiltak4,0219,A&H,2020-05-14,2022-02-17
gjennomføring412,tiltak5,0219,KIA,2025-06-11,2026-05-16
gjennomføring413,tiltak7,0219,Ungdomsavd.,2021-01-20,2026-01-13
gjennomføring414,tiltak8,0219,Ungdomsavd.,2023-03-13,2025-02-07
gjennomføring415,tiltak3,0219,KIA,2014-03-02,2018-09-28
gjennomføring416,tiltak8,0219,KIA,2011-08-18,2020-05-31
gjennomføring417,tiltak1,0219,Ungdomsavd.,2025-03-13,2026-09-04
gjennomføring418,tiltak6,0219,A&H,2022-12-14,2026-12-10
gjennomføring419,tiltak3,0219,KIA,2018-02-23,2020-06-12
gjennomføring420,tiltak8,0219,Oppfølging og øk.,2015-05-27,2026-03-04
gjennomføring421,tiltak1,0219,A&H,2019-08-09,2025-01-15
gjennomføring422,tiltak3,0219,Veiledingsavd.,2015-02-22,2024-03-27
gjennomføring423,tiltak6,0219,Veiledingsavd.,2013-02-23,2021-12-01
gjennomføring424,tiltak1,0219,Ungdomsavd.,2019-08-02,2026-09-27
gjennomføring425,tiltak3,0219,A&H,2010-03-08,2015-11-21
gjennomføring426,tiltak1,0219,Oppfølging og øk.,2014-05-06,2015-08-16
gjennomføring427,tiltak3,0219,Oppfølging og øk.,2026-06-18,2026-10-31
gjennomføring428,tiltak6,0219,Veiledingsavd.,2009-08-19,2019-08-31
gjennomføring429,tiltak5,0219,Ungdomsavd.,2012-02-29,2025-06-17
gjennomføring430,tiltak2,0219,Oppfølging og øk.,2012-07-28,2019-02-09
gjennomføring431,tiltak5,0219,Ungdomsavd.,2024-05-18,2025-08-03
gjennomføring432,tiltak3,0219,Ungdomsavd.,2018-07-08,2021-09-27
gjennomføring433,tiltak1,0219,A&H,2019-07-13,2025-08-09
gjennomføring434,tiltak8,0219,KIA,2023-12-25,2026-12-14
gjennomføring435,tiltak4,0219,A&H,2020-12-28,2025-10-31
gjennomføring436,tiltak8,0219,Ungdomsavd.,2021-03-03,2026-07-31
gjennomføring437,tiltak6,0219,Oppfølging og øk.,2016-08-05,2024-05-11
gjennomføring438,tiltak6,0219,A&H,2014-02-12,2023-09-19
gjennomføring439,tiltak4,0219,KIA,2023-11-23,2025-06-26
gjennomføring440,tiltak8,0219,Ungdomsavd.,2026-11-12,2026-12-20
gjennomføring441,tiltak1,0219,A&H,2025-04-06,2026-12-19
gjennomføring442,tiltak6,0219,Veiledingsavd.,2026-06-01,2026-09-04
gjennomføring443,tiltak2,0219,Ungdomsavd.,2013-09-24,2019-01-26
gjennomføring444,tiltak1,0219,Ungdomsavd.,2011-05-18,2023-04-30
gjennomføring445,tiltak5,0219,KIA,2009-07-29,2023-02-28
gjennomføring446,tiltak3,0219,KIA,2016-05-29,2026-10-14
gjennomføring447,tiltak3,0219,Ungdomsavd.,2020-05-02,2021-06-16
gjennomføring448,tiltak4,0219,Oppfølging og øk.,2019-07-28,2020-05-25
gjennomføring449,tiltak7,0219,Veiledingsavd.,2026-05-12,2026-12-28
gjennomføring450,tiltak8,0219,Oppfølging og øk.,2017-01-03,2020-03-15
gjennomføring451,tiltak5,0219,A&H,2011-07-06,2016-04-11
gjennomføring452,tiltak3,0219,KIA,2017-09-23,2023-06-09
gjennomføring453,tiltak4,0219,KIA,2017-09-23,2018-07-20
gjennomføring454,tiltak6,0219,A&H,2022-10-27,2025-11-10
gjennomføring455,tiltak4,0219,Veiledingsavd.,2012-02-06,2022-11-10
gjennomføring456,tiltak6,0219,Ungdomsavd.,2023-04-01,2023-12-09
gjennomføring457,tiltak1,0219,Veiledingsavd.,2010-03-11,2025-12-06
gjennomføring458,tiltak1,0219,KIA,2015-02-26,2022-03-23
gjennomføring459,tiltak6,0219,A&H,2015-08-15,2024-01-09
gjennomføring460,tiltak3,0219,KIA,2012-02-01,2015-07-01
gjennomføring461,tiltak2,0219,Oppfølging og øk.,2017-06-24,2021-08-08
gjennomføring462,tiltak3,0219,KIA,2013-05-06,2017-04-18
gjennomføring463,tiltak8,0219,A&H,2011-03-03,2023-12-21
gjennomføring464,tiltak1,0219,Oppfølging og øk.,2021-04-16,2024-07-29
gjennomføring465,tiltak8,0219,KIA,2017-07-08,2019-08-27
gjennomføring466,tiltak8,0219,Veiledingsavd.,2016-04-21,2016-12-10
gjennomføring467,tiltak3,0219,Ungdomsavd.,2019-02-22,2025-12-20
gjennomføring468,tiltak7,0219,KIA,2012-08-03,2019-02-27
gjennomføring469,tiltak7,0219,A&H,2024-03-29,2025-09-05
gjennomføring470,tiltak3,0219,Veiledingsavd.,2017-12-19,2026-03-14
gjennomføring471,tiltak1,0219,Ungdomsavd.,2025-02-17,2026-12-20
gjennomføring472,tiltak3,0219,Veiledingsavd.,2021-08-30,2026-12-06
gjennomføring473,tiltak6,0219,Veiledingsavd.,2015-06-19,2020-01-18
gjennomføring474,tiltak6,0219,A&H,2022-08-01,2026-12-26
gjennomføring475,tiltak2,0219,A&H,2011-02-21,2021-02-06
gjennomføring476,tiltak3,0219,KIA,2021-06-25,2024-08-03
gjennomføring477,tiltak2,0219,A&H,2018-10-04,2023-01-09
gjennomføring478,tiltak6,0219,A&H,2019-08-10,2020-03-20
gjennomføring479,tiltak3,0219,Veiledingsavd.,2019-02-05,2021-06-18
gjennomføring480,tiltak6,0219,A&H,2016-03-01,2021-01-03
gjennomføring481,tiltak3,0219,Veiledingsavd.,2025-09-21,2026-04-21
gjennomføring482,tiltak8,0219,Veiledingsavd.,2009-05-16,2013-08-04
gjennomføring483,tiltak7,0219,Veiledingsavd.,2010-07-09,2020-08-10
gjennomføring484,tiltak8,0219,Veiledingsavd.,2011-06-08,2020-02-28
gjennomføring485,tiltak7,0219,Veiledingsavd.,2009-06-23,2023-03-13
gjennomføring486,tiltak8,0219,Ungdomsavd.,2018-01-25,2025-06-19
gjennomføring487,tiltak4,0219,KIA,2018-12-31,2022-04-21
gjennomføring488,tiltak2,0219,Veiledingsavd.,2011-11-03,2015-05-30
gjennomføring489,tiltak4,0219,A&H,2021-03-20,2022-11-11
gjennomføring490,tiltak8,0219,Oppfølging og øk.,2023-04-20,2023-11-22
gjennomføring491,tiltak2,0219,Veiledingsavd.,2010-12-28,2016-12-25
gjennomføring492,tiltak7,0219,Oppfølging og øk.,2010-09-04,2012-03-04
gjennomføring493,tiltak6,0219,KIA,2018-07-17,2022-12-22
gjennomføring494,tiltak8,0219,KIA,2014-11-30,2017-01-15
gjennomføring495,tiltak3,0219,Veiledingsavd.,2019-06-22,2020-09-24
gjennomføring496,tiltak2,0219,A&H,2015-10-19,2016-12-19
gjennomføring497,tiltak4,0219,A&H,2019-08-23,2021-08-31
gjennomføring498,tiltak4,0219,Veiledingsavd.,2010-01-09,2014-12-12
gjennomføring499,tiltak1,0219,A&H,2025-01-27,2026-10-02
gjennomføring500,tiltak8,0219,A&H,2021-09-01,2023-07-23
gjennomføring501,tiltak8,0219,Oppfølging og øk.,2015-08-19,2023-08-15
gjennomføring502,tiltak4,0219,A&H,2026-04-04,2026-09-20
gjennomføring503,tiltak8,0219,Ungdomsavd.,2009-08-04,2010-11-13
gjennomføring504,tiltak6,0219,Ungdomsavd.,2025-06-06,2026-07-02
gjennomføring505,tiltak3,0219,Ungdomsavd.,2019-03-22,2020-07-15
gjennomføring506,tiltak4,0219,KIA,2009-02-13,2016-05-19
gjennomføring507,tiltak4,0219,A&H,2017-05-02,2020-08-31
gjennomføring508,tiltak2,0219,Veiledingsavd.,2021-09-09,2026-12-20
gjennomføring509,tiltak8,0219,Veiledingsavd.,2025-10-28,2026-05-24
gjennomføring510,tiltak2,0219,Ungdomsavd.,2020-02-28,2026-05-10
gjennomføring511,tiltak8,0219,Ungdomsavd.,2013-01-10,2018-12-27
gjennomføring512,tiltak5,0219,KIA,2011-05-25,2017-03-01
gjennomføring513,tiltak1,0219,Veiledingsavd.,2019-11-21,2022-04-19
gjennomføring514,tiltak6,0219,Ungdomsavd.,2021-12-08,2026-10-24
gjennomføring515,tiltak5,0219,Oppfølging og øk.,2022-12-25,2026-06-16
gjennomføring516,tiltak4,0219,Veiledingsavd.,2015-09-21,2024-06-26
gjennomføring517,tiltak8,0219,A&H,2017-04-30,2020-04-14
gjennomføring518,tiltak6,0219,Ungdomsavd.,2015-10-26,2023-09-18
gjennomføring519,tiltak5,0219,Ungdomsavd.,2009-10-27,2011-01-30
gjennomføring520,tiltak8,0219,Veiledingsavd.,2013-03-11,2026-11-23
gjennomføring521,tiltak2,0219,Ungdomsavd.,2025-07-12,2026-01-16
gjennomføring522,tiltak5,0219,Oppfølging og øk.,2025-05-08,2026-04-22
gjennomføring523,tiltak8,0219,A&H,2026-03-27,2026-08-20
gjennomføring524,tiltak2,0219,A&H,2017-04-20,2018-08-08
gjennomføring525,tiltak6,0219,Oppfølging og øk.,2011-02-26,2011-05-17
gjennomføring526,tiltak2,0219,Veiledingsavd.,2015-09-26,2024-07-12
gjennomføring527,tiltak1,0219,KIA,2011-01-24,2015-05-22
gjennomføring528,tiltak2,0219,A&H,2019-06-22,2021-12-20
gjennomføring529,tiltak4,0219,Veiledingsavd.,2013-04-28,2026-07-23
gjennomføring530,tiltak7,0219,KIA,2026-01-24,2026-11-03
gjennomføring531,tiltak6,0219,A&H,2012-12-30,2014-08-02
gjennomføring532,tiltak1,0219,A&H,2017-10-25,2025-10-14
gjennomføring533,tiltak5,0219,Oppfølging og øk.,2021-03-10,2025-05-21
gjennomføring534,tiltak7,0219,KIA,2018-12-05,2019-02-23
gjennomføring535,tiltak1,0219,KIA,2010-05-03,2018-12-17
gjennomføring536,tiltak8,0219,KIA,2021-07-13,2023-02-14
gjennomføring537,tiltak5,0219,A&H,2011-09-15,2021-04-29
gjennomføring538,tiltak8,0219,Oppfølging og øk.,2018-07-21,2023-03-15
gjennomføring539,tiltak5,0219,Veiledingsavd.,2010-07-25,2022-01-02
gjennomføring540,tiltak4,0219,A&H,2026-01-19,2026-05-09
gjennomføring541,tiltak8,0219,Veiledingsavd.,2015-12-12,2020-01-20
gjennomføring542,tiltak6,0219,Ungdomsavd.,2015-06-16,2025-06-05
gjennomføring543,tiltak8,0219,Veiledingsavd.,2016-08-18,2018-05-06
gjennomføring544,tiltak5,0219,Veiledingsavd.,2011-12-30,2020-07-26
gjennomføring545,tiltak6,0219,Oppfølging og øk.,2021-06-21,2022-04-07
gjennomføring546,tiltak8,0219,Ungdomsavd.,2024-04-24,2025-11-06
gjennomføring547,tiltak2,0219,Veiledingsavd.,2014-10-19,2026-07-18
gjennomføring548,tiltak2,0219,A&H,2014-02-24,2019-11-15
gjennomføring549,tiltak4,0219,KIA,2026-02-24,2026-10-07
gjennomføring550,tiltak3,0219,A&H,2021-03-29,2022-08-25
gjennomføring551,tiltak7,0219,Ungdomsavd.,2023-06-05,2025-12-21
gjennomføring552,tiltak2,0219,Veiledingsavd.,2010-03-31,2025-02-28
gjennomføring553,tiltak2,0219,Oppfølging og øk.,2010-04-11,2011-09-06
gjennomføring554,tiltak2,0219,Veiledingsavd.,2022-08-31,2023-04-04
gjennomføring555,tiltak8,0219,Veiledingsavd.,2016-04-27,2018-05-03
gjennomføring556,tiltak5,0219,Ungdomsavd.,2015-07-14,2018-01-09
gjennomføring557,tiltak6,0219,KIA,2009-10-28,2011-03-26
gjennomføring558,tiltak2,0219,Oppfølging og øk.,2023-05-27,2025-12-27
gjennomføring559,tiltak8,0219,Oppfølging og øk.,2019-07-20,2026-07-13
gjennomføring560,tiltak5,0219,KIA,2014-05-10,2023-07-02
gjennomføring561,tiltak1,0219,A&H,2018-03-29,2019-05-06
gjennomføring562,tiltak8,0219,Veiledingsavd.,2023-05-04,2026-07-28
gjennomføring563,tiltak2,0219,Ungdomsavd.,2010-04-11,2018-08-03
gjennomføring564,tiltak1,0219,A&H,2024-12-15,2026-08-03
gjennomføring565,tiltak8,0219,Veiledingsavd.,2024-07-29,2026-10-25
gjennomføring566,tiltak1,0219,KIA,2012-04-30,2025-08-30
gjennomføring567,tiltak1,0219,A&H,2021-05-06,2025-09-23
gjennomføring568,tiltak4,0219,KIA,2012-11-07,2023-05-31
gjennomføring569,tiltak1,0219,Ungdomsavd.,2013-01-17,2013-07-21
gjennomføring570,tiltak5,0219,Veiledingsavd.,2016-09-22,2025-06-09
gjennomføring571,tiltak1,0219,Ungdomsavd.,2009-02-21,2023-03-28
gjennomføring572,tiltak1,0219,Ungdomsavd.,2022-09-25,2023-11-11
gjennomføring573,tiltak1,0219,Oppfølging og øk.,2024-07-25,2024-11-17
gjennomføring574,tiltak2,0219,KIA,2022-01-07,2022-09-26
gjennomføring575,tiltak3,0219,A&H,2023-02-01,2026-10-24
gjennomføring576,tiltak7,0219,Ungdomsavd.,2021-07-27,2024-04-28
gjennomføring577,tiltak5,0219,A&H,2024-11-21,2025-03-20
gjennomføring578,tiltak6,0219,KIA,2013-10-02,2021-10-18
gjennomføring579,tiltak5,0219,Ungdomsavd.,2010-07-01,2012-12-29
gjennomføring580,tiltak7,0219,Oppfølging og øk.,2010-09-21,2019-07-18
gjennomføring581,tiltak7,0219,KIA,2017-02-19,2020-08-09
gjennomføring582,tiltak5,0219,Veiledingsavd.,2023-01-03,2026-12-04
gjennomføring583,tiltak5,0219,KIA,2018-11-12,2021-05-26
gjennomføring584,tiltak8,0219,Oppfølging og øk.,2022-04-19,2024-11-01
gjennomføring585,tiltak4,0219,Oppfølging og øk.,2013-03-23,2017-07-29
gjennomføring586,tiltak4,0219,KIA,2023-06-30,2025-05-07
gjennomføring587,tiltak1,0219,Oppfølging og øk.,2018-02-22,2024-11-25
gjennomføring588,tiltak1,0219,A&H,2017-07-01,2023-10-01
gjennomføring589,tiltak1,0219,Oppfølging og øk.,2023-02-14,2024-11-06
gjennomføring590,tiltak8,0219,Oppfølging og øk.,2019-09-25,2023-10-07
gjennomføring591,tiltak7,0219,Veiledingsavd.,2015-03-21,2016-04-13
gjennomføring592,tiltak6,0219,Ungdomsavd.,2011-02-27,2012-10-25
gjennomføring593,tiltak7,0219,KIA,2018-07-05,2025-06-15
gjennomføring594,tiltak5,0219,Ungdomsavd.,2015-06-28,2021-11-09
gjennomføring595,tiltak7,0219,KIA,2012-08-06,2025-02-27
gjennomføring596,tiltak3,0219,A&H,2023-10-14,2025-05-26
gjennomføring597,tiltak5,0219,A&H,2015-06-23,2018-08-30
gjennomføring598,tiltak8,0219,KIA,2015-07-18,2020-10-27
gjennomføring599,tiltak3,0219,A&H,2016-02-12,2020-12-13
gjennomføring600,tiltak3,0219,KIA,2020-12-13,2021-06-30
gjennomføring601,tiltak8,0219,Ungdomsavd.,2026-07-17,2026-12-17
gjennomføring602,tiltak6,0219,KIA,2026-03-24,2026-12-04
gjennomføring603,tiltak4,0219,Ungdomsavd.,2024-06-08,2026-07-01
gjennomføring604,tiltak5,0219,A&H,2024-10-12,2025-12-22
gjennomføring605,tiltak4,0219,Oppfølging og øk.,2010-12-06,2014-11-18
gjennomføring606,tiltak2,0219,A&H,2010-02-18,2012-12-20
gjennomføring607,tiltak7,0219,A&H,2010-07-12,2014-06-27
gjennomføring608,tiltak6,0219,Veiledingsavd.,2024-06-14,2026-01-17
gjennomføring609,tiltak8,0219,Ungdomsavd.,2014-12-22,2016-02-29
gjennomføring610,tiltak1,0219,Oppfølging og øk.,2024-05-10,2024-08-02
gjennomføring611,tiltak3,0219,Oppfølging og øk.,2015-03-24,2023-11-03
gjennomføring612,tiltak3,0219,Veiledingsavd.,2018-12-20,2019-03-23
gjennomføring613,tiltak1,0219,Ungdomsavd.,2023-06-13,2024-03-14
gjennomføring614,tiltak6,0219,Veiledingsavd.,2009-11-06,2014-01-28
gjennomføring615,tiltak4,0219,KIA,2024-03-11,2024-08-20
gjennomføring616,tiltak7,0219,Oppfølging og øk.,2026-08-31,2026-10-19
gjennomføring617,tiltak5,0219,A&H,2020-11-02,2022-06-27
gjennomføring618,tiltak3,0219,KIA,2011-05-22,2020-10-20
gjennomføring619,tiltak7,0219,KIA,2026-08-02,2026-09-28
gjennomføring620,tiltak7,0219,KIA,2011-04-04,2013-02-25
gjennomføring621,tiltak7,0219,Veiledingsavd.,2020-02-29,2026-05-02
gjennomføring622,tiltak7,0219,Ungdomsavd.,2014-10-18,2016-01-11
gjennomføring623,tiltak3,0219,Ungdomsavd.,2011-04-15,2011-05-13
gjennomføring624,tiltak2,0219,A&H,2017-01-03,2018-11-14
gjennomføring625,tiltak4,0219,Oppfølging og øk.,2009-02-05,2018-04-16
gjennomføring626,tiltak7,0219,Veiledingsavd.,2022-06-30,2023-12-30
gjennomføring627,tiltak4,0219,Ungdomsavd.,2024-11-19,2025-10-18
gjennomføring628,tiltak8,0219,A&H,2018-08-03,2022-11-01
gjennomføring629,tiltak7,0219,Oppfølging og øk.,2025-02-25,2025-09-07
gjennomføring630,tiltak1,0219,Oppfølging og øk.,2025-06-03,2025-10-23
gjennomføring631,tiltak3,0219,Veiledingsavd.,2018-04-26,2023-02-26
gjennomføring632,tiltak8,0219,Veiledingsavd.,2024-06-13,2025-04-22
gjennomføring633,tiltak2,0219,KIA,2025-02-03,2026-08-25
gjennomføring634,tiltak7,0219,A&H,2023-09-13,2026-09-26
gjennomføring635,tiltak3,0219,KIA,2015-03-09,2024-07-22
gjennomføring636,tiltak4,0219,Oppfølging og øk.,2023-09-08,2024-08-29
gjennomføring637,tiltak1,0219,Oppfølging og øk.,2021-11-18,2026-01-30
gjennomføring638,tiltak2,0219,KIA,2019-01-04,2022-06-28
gjennomføring639,tiltak4,0219,KIA,2009-07-13,2011-05-03
gjennomføring640,tiltak5,0219,Ungdomsavd.,2016-09-23,2024-05-21
gjennomføring641,tiltak8,0219,A&H,2023-12-03,2025-01-15
gjennomføring642,tiltak7,0219,Ungdomsavd.,2012-08-24,2026-03-20
gjennomføring643,tiltak3,0219,Oppfølging og øk.,2020-01-20,2021-11-06
gjennomføring644,tiltak3,0219,A&H,2020-05-18,2020-12-04
gjennomføring645,tiltak4,0219,KIA,2019-02-15,2021-03-22
gjennomføring646,tiltak1,0219,KIA,2011-07-15,2024-05-13
gjennomføring647,tiltak4,0219,KIA,2026-07-28,2026-10-14
gjennomføring648,tiltak4,0219,Oppfølging og øk.,2014-12-29,2021-08-23
gjennomføring649,tiltak2,0219,Veiledingsavd.,2018-08-14,2022-01-27
gjennomføring650,tiltak8,0219,Veiledingsavd.,2011-06-29,2014-01-31
gjennomføring651,tiltak5,0219,Veiledingsavd.,2020-01-17,2023-09-09
gjennomføring652,tiltak8,0219,KIA,2013-07-12,2018-08-25
gjennomføring653,tiltak7,0219,Veiledingsavd.,2012-02-04,2013-12-14
gjennomføring654,tiltak5,0219,Oppfølging og øk.,2021-03-13,2026-01-22
gjennomføring655,tiltak8,0219,Veiledingsavd.,2014-02-07,2017-06-07
gjennomføring656,tiltak3,0219,Oppfølging og øk.,2017-06-09,2022-09-03
gjennomføring657,tiltak6,0219,A&H,2017-11-09,2025-06-21
gjennomføring658,tiltak1,0219,A&H,2026-04-07,2026-09-06
gjennomføring659,tiltak3,0219,Veiledingsavd.,2012-01-18,2025-07-16
gjennomføring660,tiltak4,0219,Oppfølging og øk.,2014-10-19,2025-12-21
gjennomføring661,tiltak3,0219,A&H,2011-11-09,2012-11-23
gjennomføring662,tiltak7,0219,Oppfølging og øk.,2025-05-15,2026-01-10
gjennomføring663,tiltak4,0219,Oppfølging og øk.,2024-01-31,2026-04-29
gjennomføring664,tiltak1,0219,Oppfølging og øk.,2013-12-08,2019-03-30
gjennomføring665,tiltak1,0219,A&H,2020-09-25,2022-09-28
gjennomføring666,tiltak2,0219,Oppfølging og øk.,2010-10-17,2023-04-18
gjennomføring667,tiltak2,0219,Veiledingsavd.,2018-10-20,2022-02-12
gjennomføring668,tiltak8,0219,A&H,2010-04-09,2024-12-01
gjennomføring669,tiltak7,0219,Oppfølging og øk.,2026-08-04,2026-11-21
gjennomføring670,tiltak2,0219,Ungdomsavd.,2026-08-20,2026-09-16
gjennomføring671,tiltak3,0219,KIA,2017-10-26,2019-07-20
gjennomføring672,tiltak6,0219,A&H,2020-08-17,2021-09-10
gjennomføring673,tiltak7,0219,Ungdomsavd.,2022-05-18,2022-12-08
gjennomføring674,tiltak6,0219,Veiledingsavd.,2020-12-14,2025-07-11
gjennomføring675,tiltak3,0219,KIA,2012-09-21,2016-09-28
gjennomføring676,tiltak5,0219,Veiledingsavd.,2025-12-25,2026-01-29
gjennomføring677,tiltak5,0219,Veiledingsavd.,2019-09-13,2026-11-05
gjennomføring678,tiltak8,0219,Oppfølging og øk.,2022-04-06,2025-06-12
gjennomføring679,tiltak4,0219,Veiledingsavd.,2010-07-28,2020-01-18
gjennomføring680,tiltak6,0219,A&H,2012-03-16,2017-05-08
gjennomføring681,tiltak4,0219,A&H,2021-11-05,2023-06-06
gjennomføring682,tiltak8,0219,KIA,2023-09-03,2026-10-10
gjennomføring683,tiltak2,0219,Veiledingsavd.,2014-08-31,2020-07-25
gjennomføring684,tiltak5,0219,Oppfølging og øk.,2025-05-25,2026-02-03
gjennomføring685,tiltak4,0219,A&H,2009-10-29,2014-10-23
gjennomføring686,tiltak3,0219,KIA,2018-05-06,2022-03-14
gjennomføring687,tiltak7,0219,Ungdomsavd.,2025-03-10,2026-10-30
gjennomføring688,tiltak1,0219,Ungdomsavd.,2011-05-03,2016-08-31
gjennomføring689,tiltak1,0219,Ungdomsavd.,2012-01-30,2018-11-11
gjennomføring690,tiltak8,0219,Ungdomsavd.,2022-07-23,2024-12-01
gjennomføring691,tiltak6,0219,Veiledingsavd.,2021-01-10,2026-04-06
gjennomføring692,tiltak4,0219,A&H,2015-05-22,2023-04-26
gjennomføring693,tiltak1,0219,Oppfølging og øk.,2011-05-23,2026-09-13
gjennomføring694,tiltak3,0219,Veiledingsavd.,2012-06-21,2019-09-20
gjennomføring695,tiltak5,0219,Ungdomsavd.,2014-02-14,2017-11-20
gjennomføring696,tiltak8,0219,KIA,2024-07-07,2026-04-21
gjennomføring697,tiltak6,0219,Ungdomsavd.,2020-04-06,2022-08-02
gjennomføring698,tiltak4,0219,KIA,2012-06-08,2017-06-04
gjennomføring699,tiltak7,0219,KIA,2012-05-03,2013-06-13
gjennomføring700,tiltak3,0219,Veiledingsavd.,2020-07-28,2026-11-15
gjennomføring701,tiltak3,0219,Veiledingsavd.,2009-08-25,2020-10-29
gjennomføring702,tiltak3,0219,Ungdomsavd.,2015-10-08,2023-08-06
gjennomføring703,tiltak1,0219,A&H,2016-02-18,2024-05-08
gjennomføring704,tiltak7,0219,Veiledingsavd.,2019-03-05,2022-01-15
gjennomføring705,tiltak5,0219,KIA,2020-05-03,2025-06-21
gjennomføring706,tiltak5,0219,Veiledingsavd.,2023-09-05,2026-07-21
gjennomføring707,tiltak6,0219,A&H,2024-03-31,2026-04-14
gjennomføring708,tiltak4,0219,A&H,2013-08-14,2014-06-02
gjennomføring709,tiltak3,0219,Veiledingsavd.,2015-03-03,2020-05-19
gjennomføring710,tiltak6,0219,Ungdomsavd.,2014-07-17,2016-01-17
gjennomføring711,tiltak7,0219,Veiledingsavd.,2019-03-09,2020-11-18
gjennomføring712,tiltak8,0219,A&H,2024-09-08,2026-10-22
gjennomføring713,tiltak4,0219,Oppfølging og øk.,2024-10-21,2026-05-15
gjennomføring714,tiltak2,0219,A&H,2015-07-17,2020-10-09
gjennomføring715,tiltak7,0219,Ungdomsavd.,2026-10-11,2026-11-07
gjennomføring716,tiltak3,0219,Oppfølging og øk.,2012-08-31,2025-02-04
gjennomføring717,tiltak3,0219,KIA,2019-12-27,2022-08-28
gjennomføring718,tiltak3,0219,Oppfølging og øk.,2020-06-14,2025-12-30
gjennomføring719,tiltak2,0219,Ungdomsavd.,2010-03-13,2015-10-19
gjennomføring720,tiltak6,0219,Veiledingsavd.,2017-01-29,2020-05-24
gjennomføring721,tiltak3,0219,Ungdomsavd.,2014-12-22,2023-12-16
gjennomføring722,tiltak8,0219,Veiledingsavd.,2020-11-04,2024-03-07
gjennomføring723,tiltak1,0219,KIA,2023-08-26,2025-06-18
gjennomføring724,tiltak2,0219,KIA,2016-09-21,2021-10-12
gjennomføring725,tiltak4,0219,Ungdomsavd.,2020-03-10,2025-02-26
gjennomføring726,tiltak5,0219,KIA,2018-07-12,2021-09-30
gjennomføring727,tiltak5,0219,Ungdomsavd.,2009-08-22,2020-01-01
gjennomføring728,tiltak4,0219,Oppfølging og øk.,2016-02-10,2018-03-06
gjennomføring729,tiltak3,0219,KIA,2021-05-08,2024-05-30
gjennomføring730,tiltak7,0219,A&H,2016-05-04,2017-08-12
gjennomføring731,tiltak4,0219,KIA,2022-02-08,2025-12-03
gjennomføring732,tiltak1,0219,KIA,2015-08-02,2025-08-20
gjennomføring733,tiltak5,0219,Ungdomsavd.,2026-06-25,2026-08-25
gjennomføring734,tiltak4,0219,Veiledingsavd.,2010-10-07,2016-06-16
gjennomføring735,tiltak5,0219,Oppfølging og øk.,2014-02-20,2014-08-19
gjennomføring736,tiltak4,0219,Veiledingsavd.,2011-08-11,2016-01-24
gjennomføring737,tiltak3,0219,Veiledingsavd.,2010-10-17,2026-04-03
gjennomføring738,tiltak3,0219,KIA,2009-12-04,2016-03-24
gjennomføring739,tiltak3,0219,Oppfølging og øk.,2023-10-19,2026-05-18
gjennomføring740,tiltak2,0219,Veiledingsavd.,2023-06-10,2025-03-14
gjennomføring741,tiltak6,0219,Veiledingsavd.,2019-07-20,2026-08-17
gjennomføring742,tiltak1,0219,Veiledingsavd.,2009-12-03,2021-05-12
gjennomføring743,tiltak4,0219,Ungdomsavd.,2022-11-16,2025-07-24
gjennomføring744,tiltak1,0219,A&H,2012-08-09,2025-08-14
gjennomføring745,tiltak3,0219,A&H,2019-06-20,2024-07-06
gjennomføring746,tiltak7,0219,Oppfølging og øk.,2020-03-11,2021-08-25
gjennomføring747,tiltak8,0219,Ungdomsavd.,2022-03-18,2022-11-28
gjennomføring748,tiltak5,0219,KIA,2022-08-29,2023-07-19
gjennomføring749,tiltak6,0219,Oppfølging og øk.,2022-03-27,2025-12-30
gjennomføring750,tiltak2,0219,Veiledingsavd.,2014-05-27,2020-10-04
gjennomføring751,tiltak8,0219,Oppfølging og øk.,2019-05-26,2023-04-09
gjennomføring752,tiltak1,0219,Ungdomsavd.,2016-07-25,2026-10-09
gjennomføring753,tiltak1,0219,KIA,2011-11-05,2021-04-20
gjennomføring754,tiltak7,0219,A&H,2009-05-06,2023-12-18
gjennomføring755,tiltak3,0219,KIA,2022-05-02,2023-11-13
gjennomføring756,tiltak8,0219,A&H,2021-04-22,2024-07-25
gjennomføring757,tiltak4,0219,Veiledingsavd.,2023-05-13,2025-01-02
gjennomføring758,tiltak3,0219,Oppfølging og øk.,2026-03-26,2026-05-07
gjennomføring759,tiltak3,0219,Veiledingsavd.,2021-05-29,2024-07-06
gjennomføring760,tiltak3,0219,Veiledingsavd.,2019-07-19,2022-03-10
gjennomføring761,tiltak1,0219,Ungdomsavd.,2010-08-23,2020-05-07
gjennomføring762,tiltak6,0219,Oppfølging og øk.,2014-08-07,2018-08-29
gjennomføring763,tiltak1,0219,KIA,2018-08-11,2022-12-04
gjennomføring764,tiltak3,0219,Veiledingsavd.,2011-10-15,2014-03-12
gjennomføring765,tiltak3,0219,Oppfølging og øk.,2017-06-24,2026-03-08
gjennomføring766,tiltak7,0219,Oppfølging og øk.,2026-01-22,2026-11-13
gjennomføring767,tiltak6,0219,Veiledingsavd.,2021-05-13,2023-04-30
gjennomføring768,tiltak8,0219,Ungdomsavd.,2014-06-23,2016-12-16
gjennomføring769,tiltak6,0219,Ungdomsavd.,2022-05-12,2024-10-16
gjennomføring770,tiltak4,0219,KIA,2010-07-15,2023-10-08
gjennomføring771,tiltak1,0219,A&H,2009-09-15,2010-05-19
gjennomføring772,tiltak8,0219,Oppfølging og øk.,2018-07-16,2024-03-21
gjennomføring773,tiltak8,0219,A&H,2020-11-01,2026-07-18
gjennomføring774,tiltak6,0219,Ungdomsavd.,2013-05-24,2024-03-24
gjennomføring775,tiltak8,0219,Veiledingsavd.,2009-08-01,2013-08-22
gjennomføring776,tiltak1,0219,Ungdomsavd.,2012-03-08,2025-04-21
gjennomføring777,tiltak3,0219,Ungdomsavd.,2013-06-10,2024-09-19
gjennomføring778,tiltak8,0219,A&H,2024-10-28,2026-02-02
gjennomføring779,tiltak1,0219,Ungdomsavd.,2010-11-15,2016-05-30
gjennomføring780,tiltak3,0219,Veiledingsavd.,2025-05-20,2025-07-28
gjennomføring781,tiltak4,0219,Veiledingsavd.,2020-12-11,2021-10-28
gjennomføring782,tiltak1,0219,Oppfølging og øk.,2018-04-28,2025-02-24
gjennomføring783,tiltak1,0219,A&H,2019-07-14,2024-11-02
gjennomføring784,tiltak4,0219,Ungdomsavd.,2022-08-01,2023-05-12
gjennomføring785,tiltak3,0219,A&H,2015-02-03,2021-12-10
gjennomføring786,tiltak2,0219,Veiledingsavd.,2010-11-19,2014-08-29
gjennomføring787,tiltak5,0219,Oppfølging og øk.,2014-04-21,2026-11-03
gjennomføring788,tiltak6,0219,Ungdomsavd.,2021-06-24,2022-12-29
gjennomføring789,tiltak4,0219,Veiledingsavd.,2009-07-18,2025-01-02
gjennomføring790,tiltak2,0219,Ungdomsavd.,2020-07-19,2021-03-05
gjennomføring791,tiltak2,0219,Ungdomsavd.,2023-10-23,2026-05-13
gjennomføring792,tiltak5,0219,A&H,2011-07-04,2022-07-03
gjennomføring793,tiltak1,0219,Oppfølging og øk.,2014-05-17,2026-04-06
gjennomføring794,tiltak5,0219,KIA,2009-03-27,2023-07-17
gjennomføring795,tiltak3,0219,Veiledingsavd.,2012-12-20,2021-11-15
gjennomføring796,tiltak2,0219,A&H,2024-09-23,2025-11-08
gjennomføring797,tiltak3,0219,Oppfølging og øk.,2016-07-02,2023-05-16
gjennomføring798,tiltak7,0219,Oppfølging og øk.,2017-08-03,2021-06-19
gjennomføring799,tiltak4,0219,Oppfølging og øk.,2013-10-29,2026-03-21
gjennomføring800,tiltak7,0219,Veiledingsavd.,2023-07-05,2024-09-07
gjennomføring801,tiltak7,0219,Ungdomsavd.,2009-04-10,2017-06-14
gjennomføring802,tiltak7,0219,A&H,2025-07-21,2026-04-28
gjennomføring803,tiltak6,0219,Oppfølging og øk.,2009-09-05,2019-02-07
gjennomføring804,tiltak8,0219,KIA,2014-12-22,2023-11-02
gjennomføring805,tiltak5,0219,Veiledingsavd.,2025-01-31,2026-05-27
gjennomføring806,tiltak3,0219,Ungdomsavd.,2026-07-11,2026-11-14
gjennomføring807,tiltak5,0219,KIA,2016-10-14,2024-10-04
gjennomføring808,tiltak2,0219,KIA,2025-09-19,2026-11-20
gjennomføring809,tiltak8,0219,A&H,2022-05-01,2024-12-01
gjennomføring810,tiltak1,0219,A&H,2018-08-19,2025-11-21
gjennomføring811,tiltak8,0219,Ungdomsavd.,2023-07-17,2024-02-23
gjennomføring812,tiltak7,0219,Oppfølging og øk.,2023-05-02,2024-10-09
gjennomføring813,tiltak5,0219,KIA,2024-03-15,2026-10-19
gjennomføring814,tiltak8,0219,A&H,2025-01-25,2025-06-05
gjennomføring815,tiltak4,0219,KIA,2011-08-28,2017-03-26
gjennomføring816,tiltak3,0219,Ungdomsavd.,2019-12-01,2025-06-01
gjennomføring817,tiltak6,0219,A&H,2013-09-06,2022-06-03
gjennomføring818,tiltak5,0219,Veiledingsavd.,2013-09-16,2019-11-08
gjennomføring819,tiltak4,0219,KIA,2015-12-15,2020-03-12
gjennomføring820,tiltak4,0219,Veiledingsavd.,2022-11-17,2026-04-13
gjennomføring821,tiltak6,0219,Oppfølging og øk.,2024-02-19,2024-12-01
gjennomføring822,tiltak5,0219,Ungdomsavd.,2023-01-06,2026-08-07
gjennomføring823,tiltak3,0219,Ungdomsavd.,2009-05-31,2014-04-29
gjennomføring824,tiltak5,0219,A&H,2017-02-23,2022-02-21
gjennomføring825,tiltak3,0219,Veiledingsavd.,2015-11-19,2026-07-14
gjennomføring826,tiltak7,0219,Veiledingsavd.,2019-08-11,2021-01-17
gjennomføring827,tiltak2,0219,Veiledingsavd.,2009-11-13,2011-12-03
gjennomføring828,tiltak6,0219,Veiledingsavd.,2022-11-18,2026-01-26
gjennomføring829,tiltak4,0219,KIA,2010-12-27,2011-02-07
gjennomføring830,tiltak2,0219,KIA,2011-04-09,2016-05-07
gjennomføring831,tiltak1,0219,A&H,2009-05-25,2013-01-15
gjennomføring832,tiltak4,0219,Ungdomsavd.,2022-01-06,2025-09-23
gjennomføring833,tiltak1,0219,Veiledingsavd.,2014-09-07,2020-09-13
gjennomføring834,tiltak1,0219,Veiledingsavd.,2013-02-21,2020-12-07
gjennomføring835,tiltak3,0219,A&H,2022-12-02,2024-01-18
gjennomføring836,tiltak8,0219,Veiledingsavd.,2010-12-18,2017-08-16
gjennomføring837,tiltak8,0219,A&H,2016-05-13,2023-10-29
gjennomføring838,tiltak5,0219,KIA,2026-08-22,2026-10-06
gjennomføring839,tiltak7,0219,KIA,2015-11-30,2019-11-20
gjennomføring840,tiltak7,0219,Ungdomsavd.,2014-03-27,2020-03-28
gjennomføring841,tiltak2,0219,A&H,2022-08-29,2024-10-08
gjennomføring842,tiltak2,0219,KIA,2017-01-23,2021-08-31
gjennomføring843,tiltak6,0219,KIA,2026-02-18,2026-11-14
gjennomføring844,tiltak4,0219,Veiledingsavd.,2014-11-28,2020-01-21
gjennomføring845,tiltak6,0219,Oppfølging og øk.,2010-05-11,2018-03-15
gjennomføring846,tiltak1,0219,Ungdomsavd.,2020-12-12,2022-02-04
gjennomføring847,tiltak8,0219,Veiledingsavd.,2016-06-17,2025-04-02
gjennomføring848,tiltak2,0219,Veiledingsavd.,2012-01-23,2020-10-28
gjennomføring849,tiltak6,0219,Oppfølging og øk.,2020-02-20,2024-10-31
gjennomføring850,tiltak7,0219,A&H,2016-11-05,2021-08-09
gjennomføring851,tiltak5,0219,Oppfølging og øk.,2012-06-03,2014-12-04
gjennomføring852,tiltak8,0219,Oppfølging og øk.,2017-09-14,2024-05-22
gjennomføring853,tiltak5,0219,A&H,2018-05-02,2026-06-09
gjennomføring854,tiltak4,0219,KIA,2024-08-07,2025-12-20
gjennomføring855,tiltak1,0219,KIA,2021-06-08,2026-11-30
gjennomføring856,tiltak5,0219,Veiledingsavd.,2020-04-10,2021-06-02
gjennomføring857,tiltak6,0219,Veiledingsavd.,2025-12-29,2026-09-08
gjennomføring858,tiltak3,0219,A&H,2026-05-22,2026-07-08
gjennomføring859,tiltak6,0219,KIA,2018-07-15,2019-08-14
gjennomføring860,tiltak3,0219,Veiledingsavd.,2016-11-03,2017-12-18
gjennomføring861,tiltak5,0219,Oppfølging og øk.,2018-07-17,2021-06-18
gjennomføring862,tiltak5,0219,Veiledingsavd.,2018-03-27,2023-01-29
gjennomføring863,tiltak1,0219,Veiledingsavd.,2016-08-26,2024-05-09
gjennomføring864,tiltak3,0219,Ungdomsavd.,2020-07-27,2026-08-18
gjennomføring865,tiltak4,0219,A&H,2013-12-28,2020-01-24
gjennomføring866,tiltak7,0219,Oppfølging og øk.,2011-06-26,2016-01-31
gjennomføring867,tiltak7,0219,A&H,2009-02-10,2009-09-11
gjennomføring868,tiltak1,0219,A&H,2018-06-06,2024-02-09
gjennomføring869,tiltak7,0219,Ungdomsavd.,2009-11-23,2020-01-21
gjennomføring870,tiltak5,0219,Veiledingsavd.,2009-06-15,2016-08-08
gjennomføring871,tiltak4,0219,Veiledingsavd.,2017-12-28,2023-09-11
gjennomføring872,tiltak2,0219,A&H,2021-12-06,2024-07-29
gjennomføring873,tiltak1,0219,Ungdomsavd.,2010-10-19,2017-02-18
gjennomføring874,tiltak3,0219,A&H,2013-11-14,2016-03-23
gjennomføring875,tiltak2,0219,Veiledingsavd.,2014-04-23,2018-10-15
gjennomføring876,tiltak1,0219,A&H,2026-03-20,2026-10-01
gjennomføring877,tiltak1,0219,Ungdomsavd.,2026-09-10,2026-10-28
gjennomføring878,tiltak2,0219,Oppfølging og øk.,2011-12-04,2019-01-11
gjennomføring879,tiltak4,0219,KIA,2010-04-27,2021-11-20
gjennomføring880,tiltak6,0219,Oppfølging og øk.,2016-09-05,2021-09-05
gjennomføring881,tiltak6,0219,Ungdomsavd.,2018-05-28,2020-09-10
gjennomføring882,tiltak3,0219,KIA,2017-11-18,2023-06-27
gjennomføring883,tiltak8,0219,Veiledingsavd.,2018-12-21,2023-05-09
gjennomføring884,tiltak6,0219,Oppfølging og øk.,2025-04-22,2026-08-22
gjennomføring885,tiltak4,0219,Veiledingsavd.,2014-12-20,2022-08-03
gjennomføring886,tiltak1,0219,Oppfølging og øk.,2018-10-12,2022-11-28
gjennomføring887,tiltak3,0219,Veiledingsavd.,2026-06-13,2026-11-28
gjennomføring888,tiltak4,0219,Ungdomsavd.,2012-06-07,2021-10-31
gjennomføring889,tiltak2,0219,KIA,2018-05-07,2019-10-10
gjennomføring890,tiltak7,0219,Ungdomsavd.,2009-02-01,2013-06-17
gjennomføring891,tiltak8,0219,Oppfølging og øk.,2012-11-28,2026-10-07
gjennomføring892,tiltak6,0219,Ungdomsavd.,2026-04-19,2026-09-11
gjennomføring893,tiltak4,0219,Oppfølging og øk.,2014-05-06,2020-01-14
gjennomføring894,tiltak7,0219,Oppfølging og øk.,2013-04-12,2023-10-22
gjennomføring895,tiltak7,0219,Veiledingsavd.,2012-07-17,2014-12-16
gjennomføring896,tiltak5,0219,KIA,2015-07-15,2016-06-21
gjennomføring897,tiltak3,0219,Ungdomsavd.,2009-04-03,2022-04-17
gjennomføring898,tiltak7,0219,A&H,2020-05-11,2021-08-23
gjennomføring899,tiltak6,0219,Oppfølging og øk.,2024-09-08,2026-03-24
gjennomføring900,tiltak2,0219,A&H,2010-04-07,2024-06-16
gjennomføring901,tiltak7,0219,KIA,2020-02-20,2020-12-01
gjennomføring902,tiltak5,0219,Veiledingsavd.,2021-09-07,2025-01-24
gjennomføring903,tiltak6,0219,KIA,2014-07-04,2025-12-22
gjennomføring904,tiltak2,0219,Oppfølging og øk.,2020-10-11,2026-03-02
gjennomføring905,tiltak4,0219,Ungdomsavd.,2014-02-05,2016-03-27
gjennomføring906,tiltak8,0219,KIA,2022-05-25,2023-04-26
gjennomføring907,tiltak2,0219,Veiledingsavd.,2024-06-05,2025-09-19
gjennomføring908,tiltak7,0219,Ungdomsavd.,2026-05-28,2026-10-21
gjennomføring909,tiltak1,0219,Veiledingsavd.,2013-04-14,2015-01-15
gjennomføring910,tiltak2,0219,Veiledingsavd.,2020-07-18,2022-11-03
gjennomføring911,tiltak8,0219,Ungdomsavd.,2016-06-10,2021-02-26
gjennomføring912,tiltak2,0219,Veiledingsavd.,2012-03-06,2012-05-28
gjennomføring913,tiltak8,0219,Veiledingsavd.,2009-08-13,2010-09-28
gjennomføring914,tiltak6,0219,Veiledingsavd.,2013-03-08,2016-12-28
gjennomføring915,tiltak1,0219,KIA,2020-12-26,2021-04-20
gjennomføring916,tiltak8,0219,Oppfølging og øk.,2013-08-26,2025-08-18
gjennomføring917,tiltak5,0219,Veiledingsavd.,2022-09-14,2024-11-08
gjennomføring918,tiltak4,0219,Ungdomsavd.,2011-05-23,2026-03-18
gjennomføring919,tiltak8,0219,KIA,2012-12-30,2022-10-20
gjennomføring920,tiltak1,0219,Ungdomsavd.,2015-08-03,2021-05-16
gjennomføring921,tiltak1,0219,KIA,2012-07-07,2025-05-15
gjennomføring922,tiltak8,0219,Oppfølging og øk.,2009-01-11,2012-04-23
gjennomføring923,tiltak5,0219,Veiledingsavd.,2016-12-17,2023-12-03
gjennomføring924,tiltak8,0219,Oppfølging og øk.,2026-05-06,2026-12-22
gjennomføring925,tiltak5,0219,Veiledingsavd.,2014-10-28,2022-07-04
gjennomføring926,tiltak2,0219,Oppfølging og øk.,2016-09-25,2022-01-19
gjennomføring927,tiltak5,0219,Veiledingsavd.,2025-06-29,2025-11-06
gjennomføring928,tiltak1,0219,KIA,2019-04-05,2026-04-02
gjennomføring929,tiltak4,0219,KIA,2026-10-24,2026-12-19
gjennomføring930,tiltak7,0219,KIA,2026-10-03,2026-11-06
gjennomføring931,tiltak3,0219,Veiledingsavd.,2017-11-06,2026-09-29
gjennomføring932,tiltak2,0219,A&H,2024-12-05,2025-01-16
gjennomføring933,tiltak8,0219,Oppfølging og øk.,2021-11-12,2024-11-17
gjennomføring934,tiltak5,0219,Ungdomsavd.,2014-02-09,2016-03-04
gjennomføring935,tiltak6,0219,KIA,2020-07-25,2025-03-22
gjennomføring936,tiltak5,0219,A&H,2012-09-23,2024-07-10
gjennomføring937,tiltak3,0219,A&H,2014-10-24,2018-07-03
gjennomføring938,tiltak6,0219,KIA,2017-11-22,2018-12-14
gjennomføring939,tiltak1,0219,A&H,2015-10-02,2024-02-20
gjennomføring940,tiltak5,0219,Oppfølging og øk.,2016-01-09,2023-02-27
gjennomføring941,tiltak7,0219,Oppfølging og øk.,2026-12-02,2026-12-25
gjennomføring942,tiltak5,0219,Ungdomsavd.,2019-02-07,2020-09-19
gjennomføring943,tiltak1,0219,Oppfølging og øk.,2010-08-10,2018-07-08
gjennomføring944,tiltak8,0219,A&H,2009-11-16,2020-12-06
gjennomføring945,tiltak4,0219,Oppfølging og øk.,2011-08-26,2023-11-01
gjennomføring946,tiltak3,0219,Ungdomsavd.,2009-08-13,2024-06-27
gjennomføring947,tiltak6,0219,A&H,2022-07-13,2026-06-13
gjennomføring948,tiltak4,0219,KIA,2013-08-27,2015-09-02
gjennomføring949,tiltak8,0219,A&H,2022-09-01,2024-05-22
gjennomføring950,tiltak1,0219,Oppfølging og øk.,2015-12-14,2021-10-07
gjennomføring951,tiltak6,0219,KIA,2011-12-30,2014-10-04
gjennomføring952,tiltak4,0219,Ungdomsavd.,2018-11-05,2019-07-29
gjennomføring953,tiltak8,0219,A&H,2026-05-07,2026-12-26
gjennomføring954,tiltak3,0219,KIA,2023-04-16,2023-09-10
gjennomføring955,tiltak4,0219,Ungdomsavd.,2021-06-22,2022-07-05
gjennomføring956,tiltak3,0219,Ungdomsavd.,2014-12-21,2022-11-19
gjennomføring957,tiltak3,0219,KIA,2016-06-07,2017-09-27
gjennomføring958,tiltak6,0219,Oppfølging og øk.,2026-09-17,2026-11-20
gjennomføring959,tiltak7,0219,KIA,2021-02-19,2022-12-06
gjennomføring960,tiltak7,0219,A&H,2009-05-27,2026-11-30
gjennomføring961,tiltak1,0219,KIA,2009-06-28,2021-10-12
gjennomføring962,tiltak3,0219,KIA,2025-12-03,2026-08-25
gjennomføring963,tiltak4,0219,KIA,2013-02-15,2017-02-18
gjennomføring964,tiltak4,0219,Veiledingsavd.,2013-09-02,2023-12-31
gjennomføring965,tiltak8,0219,Veiledingsavd.,2019-03-27,2026-08-24
gjennomføring966,tiltak3,0219,KIA,2023-01-02,2023-05-28
gjennomføring967,tiltak8,0219,KIA,2021-01-13,2025-03-03
gjennomføring968,tiltak4,0219,Veiledingsavd.,2018-09-22,2024-08-09
gjennomføring969,tiltak8,0219,Veiledingsavd.,2014-08-23,2022-10-28
gjennomføring970,tiltak4,0219,Oppfølging og øk.,2024-08-06,2025-05-06
gjennomføring971,tiltak7,0219,Ungdomsavd.,2024-12-17,2025-10-11
gjennomføring972,tiltak6,0219,Ungdomsavd.,2009-05-10,2019-04-26
gjennomføring973,tiltak1,0219,KIA,2021-06-23,2025-08-24
gjennomføring974,tiltak4,0219,Oppfølging og øk.,2014-08-08,2018-12-07
gjennomføring975,tiltak5,0219,Ungdomsavd.,2019-09-01,2025-01-25
gjennomføring976,tiltak8,0219,Oppfølging og øk.,2014-12-01,2019-05-19
gjennomføring977,tiltak5,0219,A&H,2025-03-25,2026-09-11
gjennomføring978,tiltak2,0219,Veiledingsavd.,2025-04-03,2025-09-14
gjennomføring979,tiltak6,0219,A&H,2009-02-04,2019-05-06
gjennomføring980,tiltak3,0219,Veiledingsavd.,2025-09-17,2026-01-27
gjennomføring981,tiltak2,0219,Oppfølging og øk.,2018-05-09,2021-05-21
gjennomføring982,tiltak4,0219,A&H,2014-05-22,2026-09-05
gjennomføring983,tiltak7,0219,A&H,2026-10-03,2026-11-15
gjennomføring984,tiltak4,0219,A&H,2016-07-14,2025-04-02
gjennomføring985,tiltak4,0219,KIA,2015-12-22,2019-10-26
gjennomføring986,tiltak2,0219,Ungdomsavd.,2020-08-07,2020-09-09
gjennomføring987,tiltak7,0219,A&H,2014-10-05,2023-12-09
gjennomføring988,tiltak6,0219,KIA,2019-07-29,2021-06-30
gjennomføring989,tiltak4,0219,A&H,2015-03-03,2018-11-11
gjennomføring990,tiltak8,0219,A&H,2011-06-29,2026-07-20
gjennomføring991,tiltak3,0219,A&H,2025-02-27,2025-12-18
gjennomføring992,tiltak8,0219,A&H,2015-03-10,2024-01-22
gjennomføring993,tiltak4,0219,Veiledingsavd.,2018-07-30,2020-02-11
gjennomføring994,tiltak2,0219,Ungdomsavd.,2010-07-28,2022-04-04
gjennomføring995,tiltak4,0219,Ungdomsavd.,2019-01-25,2024-12-07
gjennomføring996,tiltak3,0219,A&H,2009-07-09,2010-05-09
gjennomføring997,tiltak3,0219,Oppfølging og øk.,2010-02-09,2026-02-08
gjennomføring998,tiltak2,0219,Ungdomsavd.,2017-07-27,2024-04-26
gjennomføring999,tiltak4,0219,Oppfølging og øk.,2024-09-24,2024-12-03
